{
  "run_id": "20260116-234530",
  "total_processed": 18,
  "total_failed": 1,
  "failure_rate": 0.05555555555555555,
  "budget_total": 1.0,
  "budget_spent": 0.029965049999999993,
  "budget_remaining": 0.9700349500000001
}
