{
  "run_id": "20260116-231128",
  "total_processed": 1,
  "total_failed": 0,
  "failure_rate": 0.0,
  "budget_total": 0.1,
  "budget_spent": 0.019840999999999998,
  "budget_remaining": 0.08015900000000001
}
