{
  "run_id": "20260117-005538",
  "total_processed": 1,
  "total_failed": 0,
  "failure_rate": 0.0,
  "budget_total": 5.0,
  "budget_spent": 0.0005667000000000001,
  "budget_remaining": 4.9994333
}
