{
  "run_id": "20260116-222540",
  "total_processed": 12,
  "total_failed": 0,
  "failure_rate": 0.0,
  "budget_total": 5.0,
  "budget_spent": 0.15981924999999997,
  "budget_remaining": 4.84018075
}
