{
  "run_id": "20260116-211827",
  "total_processed": 18,
  "total_failed": 0,
  "failure_rate": 0.0,
  "budget_total": 5.0,
  "budget_spent": 0.010751100000000001,
  "budget_remaining": 4.9892489
}
