{
  "run_id": "20260116-235242",
  "total_processed": 19,
  "total_failed": 0,
  "failure_rate": 0.0,
  "budget_total": 1.0,
  "budget_spent": 0.37204149999999997,
  "budget_remaining": 0.6279585000000001
}
