{
  "run_id": "20260116-225422",
  "total_processed": 12,
  "total_failed": 1,
  "failure_rate": 0.08333333333333333,
  "budget_total": 1.0,
  "budget_spent": 0.13960045,
  "budget_remaining": 0.86039955
}
