{
  "run_id": "20260116-143230",
  "total_processed": 14,
  "total_failed": 4,
  "failure_rate": 0.2857142857142857,
  "budget_total": 5.0,
  "budget_spent": 0.016330499999999998,
  "budget_remaining": 4.9836695
}
