{
  "run_id": "20260117-004607",
  "total_processed": 19,
  "total_failed": 19,
  "failure_rate": 1.0,
  "budget_total": 25.0,
  "budget_spent": 0.011379000000000002,
  "budget_remaining": 24.988621
}
