{
  "run_id": "20260116-231659",
  "total_processed": 11,
  "total_failed": 1,
  "failure_rate": 0.09090909090909091,
  "budget_total": 1.0,
  "budget_spent": 0.13914169999999998,
  "budget_remaining": 0.8608583000000001
}
